total_bill,tip,first_name,last_name,size
646,6,Chaudrelle,gchaudrelle0@hexun.com,7
948,9,Silber,csilber1@telegraph.co.uk,8
645,8,De Rye Barrett,sderyebarrett2@dropbox.com,4
924,3,Tollerfield,ktollerfield3@dot.gov,2
430,3,O'Hingerty,sohingerty4@linkedin.com,3
67,6,Sloey,ksloey5@guardian.co.uk,7
172,7,Cliss,acliss6@symantec.com,5
795,8,Cammell,ecammell7@fc2.com,4
283,10,Lackington,nlackington8@woothemes.com,4
897,4,Mycroft,smycroft9@cmu.edu,10
87,5,Cardow,tcardowa@domainmarket.com,7
179,3,Penwell,tpenwellb@arstechnica.com,2
360,2,Bagnal,rbagnalc@freewebs.com,5
400,3,Hartburn,zhartburnd@goodreads.com,2
920,9,Luisetti,gluisettie@blogger.com,1
291,1,Loddy,mloddyf@weebly.com,8
777,4,Dashkov,cdashkovg@phpbb.com,2
918,2,Motto,hmottoh@hexun.com,7
147,6,Houseago,chouseagoi@china.com.cn,3
716,1,Meni,gmenij@alexa.com,3
933,9,Wrassell,ywrassellk@netscape.com,4
362,1,Geratasch,rgerataschl@trellian.com,1
703,9,Jeandin,tjeandinm@hexun.com,1
534,2,Meegin,bmeeginn@wix.com,5
833,10,Bithell,cbithello@bloglines.com,7
208,5,Alwood,aalwoodp@macromedia.com,9
672,6,Camelin,ecamelinq@washingtonpost.com,6
28,1,Merrywether,jmerrywetherr@github.io,7
140,2,Worg,rworgs@instagram.com,4
254,1,Cammidge,gcammidget@netvibes.com,10
480,1,Baseke,rbasekeu@ucoz.com,4
872,7,Breen,gbreenv@xing.com,3
997,8,Urquhart,lurquhartw@fda.gov,1
955,1,Fawcitt,cfawcittx@surveymonkey.com,8
728,8,Brum,cbrumy@google.de,3
253,1,Ivkovic,vivkovicz@dyndns.org,8
562,10,Hernik,ahernik10@globo.com,3
43,5,Larchiere,clarchiere11@indiatimes.com,7
1,8,Schenkel,kschenkel12@alexa.com,5
899,8,Bentame,tbentame13@wikia.com,9
785,10,Petrov,ipetrov14@yahoo.co.jp,7
348,9,Pinnocke,tpinnocke15@foxnews.com,3
158,4,Elkin,aelkin16@meetup.com,5
435,5,Brandli,cbrandli17@cisco.com,8
296,2,Kyteley,gkyteley18@amazon.co.uk,6
446,1,Lloyds,hlloyds19@a8.net,1
100,7,Click,aclick1a@accuweather.com,5
683,8,Ogles,nogles1b@yahoo.co.jp,2
363,4,Halligan,shalligan1c@usatoday.com,9
164,5,Tyne,wtyne1d@nps.gov,5
310,6,Lovelace,jlovelace1e@intel.com,10
149,4,Spry,rspry1f@163.com,8
534,7,Dedden,jdedden1g@ucoz.com,3
250,10,Garrood,ggarrood1h@apache.org,9
881,2,Nockles,bnockles1i@businessinsider.com,5
269,9,Lear,tlear1j@so-net.ne.jp,5
715,7,Benoix,ibenoix1k@amazon.co.jp,4
651,3,MacNeilage,amacneilage1l@aboutads.info,5
664,2,Caslake,pcaslake1m@opera.com,8
625,5,Pochet,kpochet1n@ihg.com,9
758,5,Lewty,plewty1o@furl.net,5
354,2,Dodshon,adodshon1p@etsy.com,10
560,1,MacElholm,vmacelholm1q@amazon.com,5
540,7,McGaugie,jmcgaugie1r@example.com,2
119,4,Barmadier,dbarmadier1s@japanpost.jp,3
54,5,Christofor,echristofor1t@unblog.fr,6
401,4,Patters,ipatters1u@census.gov,10
934,8,Maypother,lmaypother1v@pbs.org,1
806,5,Grix,fgrix1w@amazon.com,8
930,10,Pevie,apevie1x@pinterest.com,6
845,10,Hamshere,rhamshere1y@si.edu,9
859,4,Zorn,bzorn1z@livejournal.com,3
888,1,Grabeham,lgrabeham20@forbes.com,8
301,1,Kohrt,akohrt21@ted.com,9
768,10,Soar,ksoar22@over-blog.com,1
90,2,Iacopetti,aiacopetti23@deviantart.com,8
186,5,Belsham,dbelsham24@jugem.jp,5
847,3,Beeken,lbeeken25@blinklist.com,5
910,8,Dossit,adossit26@kickstarter.com,1
695,5,Andrysiak,eandrysiak27@naver.com,2
797,6,Falvey,cfalvey28@addtoany.com,1
396,7,Baldwin,cbaldwin29@squidoo.com,8
401,2,Errigo,terrigo2a@cnbc.com,7
653,6,Tolerton,dtolerton2b@moonfruit.com,9
344,2,Desaur,jdesaur2c@theglobeandmail.com,5
191,8,Markwick,jmarkwick2d@amazonaws.com,4
181,2,Dawtre,tdawtre2e@blog.com,8
265,4,Wilson,rwilson2f@netlog.com,6
706,4,Alywen,palywen2g@samsung.com,4
302,1,Chomicz,achomicz2h@etsy.com,5
784,9,Coad,dcoad2i@nps.gov,7
383,3,Doggart,fdoggart2j@nbcnews.com,5
696,1,Doogan,ddoogan2k@zimbio.com,3
111,5,Mixer,cmixer2l@aol.com,3
569,4,Ivanishin,fivanishin2m@miibeian.gov.cn,4
317,9,Hurne,churne2n@cbc.ca,10
837,6,De Carlo,ldecarlo2o@hubpages.com,1
634,1,McGoon,pmcgoon2p@reddit.com,7
147,5,Durnill,adurnill2q@mayoclinic.com,9
603,8,Gooderick,jgooderick2r@cbslocal.com,10
432,10,Filisov,afilisov2s@deliciousdays.com,8
787,5,Feek,pfeek2t@biglobe.ne.jp,3
599,10,Eynon,deynon2u@smugmug.com,2
247,4,Bartalin,ebartalin2v@admin.ch,6
566,8,Mackrill,rmackrill2w@yahoo.co.jp,9
343,6,Dameisele,ldameisele2x@google.com.br,3
58,3,Jillions,jjillions2y@scientificamerican.com,9
253,6,McParland,rmcparland2z@diigo.com,1
785,4,Tasker,dtasker30@51.la,1
810,3,Prinne,bprinne31@goo.ne.jp,6
151,3,Threadkell,mthreadkell32@aboutads.info,9
91,8,Dodworth,kdodworth33@miitbeian.gov.cn,6
387,7,Bleddon,sbleddon34@histats.com,7
10,2,Moors,mmoors35@timesonline.co.uk,5
9,1,Tiley,gtiley36@usnews.com,2
757,10,Edinborough,dedinborough37@indiatimes.com,6
178,8,Ziemecki,lziemecki38@dailymotion.com,7
993,10,Marshallsay,amarshallsay39@mlb.com,6
90,8,Yorkston,eyorkston3a@blog.com,3
11,8,Peplay,speplay3b@examiner.com,8
52,5,Badrick,nbadrick3c@jalbum.net,8
135,1,Kinleyside,ckinleyside3d@lycos.com,8
631,4,Kidman,tkidman3e@slashdot.org,1
288,3,Wormleighton,lwormleighton3f@blog.com,4
549,5,Danson,adanson3g@altervista.org,9
488,8,Olivas,holivas3h@weather.com,10
304,5,Fagence,nfagence3i@biglobe.ne.jp,3
590,7,MacGlory,gmacglory3j@wikimedia.org,4
615,6,Du Fray,hdufray3k@pen.io,9
99,8,Covotti,ncovotti3l@cafepress.com,8
680,7,Looks,olooks3m@noaa.gov,10
405,7,Goodreid,agoodreid3n@walmart.com,9
76,8,Dwine,ndwine3o@phpbb.com,10
894,1,Minchell,cminchell3p@networksolutions.com,10
855,7,Brant,vbrant3q@paypal.com,6
823,2,Samson,ksamson3r@weather.com,8
365,10,Figgures,tfiggures3s@apache.org,1
936,6,Jodlowski,jjodlowski3t@booking.com,6
602,6,Elan,melan3u@ow.ly,7
479,4,Debrick,adebrick3v@mysql.com,2
975,7,Teese,cteese3w@vistaprint.com,7
176,5,Kaufman,zkaufman3x@w3.org,4
166,8,Rosentholer,lrosentholer3y@dagondesign.com,2
252,5,Rosoni,frosoni3z@abc.net.au,8
337,9,Clues,eclues40@businessinsider.com,1
36,2,Broster,rbroster41@webnode.com,1
150,5,Cumpton,vcumpton42@springer.com,9
157,2,Kinnar,dkinnar43@geocities.com,5
410,7,Kornalik,tkornalik44@independent.co.uk,6
393,4,Fasham,mfasham45@samsung.com,7
57,7,Bauchop,bbauchop46@plala.or.jp,1
807,3,Lindsley,hlindsley47@google.nl,5
149,9,Grain,tgrain48@parallels.com,4
650,7,Mangin,mmangin49@wikipedia.org,8
267,3,Wasson,twasson4a@about.com,2
93,2,Kither,bkither4b@yolasite.com,2
593,1,Scawen,bscawen4c@mayoclinic.com,6
576,1,O'Fogerty,uofogerty4d@networkadvertising.org,8
108,8,Tavener,ttavener4e@ihg.com,9
961,6,Greenfield,rgreenfield4f@arstechnica.com,7
5,4,Liddard,dliddard4g@meetup.com,10
840,6,Cattonnet,ecattonnet4h@phoca.cz,10
782,10,Ayres,aayres4i@cocolog-nifty.com,2
813,9,Dautry,sdautry4j@devhub.com,9
210,5,Tiler,btiler4k@smh.com.au,4
61,3,Burtwell,gburtwell4l@weebly.com,1
574,8,Moston,smoston4m@themeforest.net,1
850,5,Mulhall,zmulhall4n@edublogs.org,4
42,7,Cannaway,acannaway4o@posterous.com,2
236,10,Ballaam,lballaam4p@tamu.edu,6
775,4,Simioni,dsimioni4q@creativecommons.org,8
276,10,O'Cahill,socahill4r@qq.com,7
23,1,Wozencroft,fwozencroft4s@google.fr,8
396,6,Manna,nmanna4t@addthis.com,9
370,5,Whiteley,iwhiteley4u@is.gd,10
455,1,Gaskin,mgaskin4v@list-manage.com,3
248,5,Fillon,gfillon4w@icq.com,8
882,6,Hamsson,vhamsson4x@comcast.net,5
698,9,Rozier,drozier4y@netscape.com,7
885,9,Ravelus,sravelus4z@auda.org.au,7
362,7,Rigler,nrigler50@ox.ac.uk,2
597,3,Gelder,jgelder51@admin.ch,5
80,6,Mattiassi,imattiassi52@howstuffworks.com,6
415,5,Steaning,asteaning53@blogspot.com,3
278,3,But,ebut54@mediafire.com,8
747,3,Danilchenko,ndanilchenko55@cyberchimps.com,4
993,2,Whyman,jwhyman56@slideshare.net,10
781,10,Linning,alinning57@cocolog-nifty.com,1
539,6,Tugman,stugman58@netlog.com,8
649,2,Gold,hgold59@ask.com,5
562,7,Abramowitz,tabramowitz5a@scribd.com,9
563,10,Edgeson,eedgeson5b@auda.org.au,2
558,1,Stronghill,kstronghill5c@google.com,9
585,7,Thecham,hthecham5d@friendfeed.com,5
715,6,Abrami,jabrami5e@paypal.com,8
929,8,Gurrado,cgurrado5f@psu.edu,3
563,6,Allanby,hallanby5g@istockphoto.com,5
438,9,Lainton,jlainton5h@list-manage.com,6
462,4,Darcy,sdarcy5i@deliciousdays.com,9
643,10,Benny,dbenny5j@rediff.com,9
652,3,Skyrm,askyrm5k@bandcamp.com,9
532,7,Kee,rkee5l@hexun.com,5
590,10,Haburne,lhaburne5m@zimbio.com,9
408,4,Jeanet,gjeanet5n@netscape.com,10
641,9,Langfat,vlangfat5o@who.int,6
313,3,McAlees,cmcalees5p@instagram.com,3
61,7,O'Dougherty,kodougherty5q@hugedomains.com,5
64,8,Geraldo,kgeraldo5r@google.co.jp,4
522,1,Crutcher,tcrutcher5s@reddit.com,3
910,10,Gowanson,sgowanson5t@amazon.de,1
932,5,Davall,idavall5u@businessweek.com,5
128,8,Thurlow,ithurlow5v@dmoz.org,10
951,5,Boles,mboles5w@networkadvertising.org,4
997,10,Matzaitis,wmatzaitis5x@behance.net,7
515,5,Weeds,dweeds5y@arstechnica.com,1
844,6,Walklate,xwalklate5z@ihg.com,7
61,10,Ingles,mingles60@miibeian.gov.cn,10
544,7,Surpliss,lsurpliss61@businessinsider.com,5
283,2,Blethin,mblethin62@usa.gov,5
356,1,Ashcroft,washcroft63@dmoz.org,10
780,7,Roston,wroston64@mapquest.com,4
738,2,Zannotti,azannotti65@ed.gov,5
162,4,Vashchenko,evashchenko66@webeden.co.uk,8
790,7,Foyster,nfoyster67@nasa.gov,3
688,6,Scarff,kscarff68@addtoany.com,8
620,1,Starton,hstarton69@illinois.edu,8
318,2,Devonport,pdevonport6a@webeden.co.uk,8
170,3,Cotter,acotter6b@ifeng.com,5
821,9,Bordessa,obordessa6c@godaddy.com,5
416,1,Dallander,adallander6d@slate.com,2
553,2,Kilbourne,ckilbourne6e@google.de,7
33,9,Egger,segger6f@craigslist.org,1
198,8,Blaxter,rblaxter6g@home.pl,3
18,10,Gregolin,lgregolin6h@naver.com,3
163,4,Andor,aandor6i@deviantart.com,8
776,10,De la Harpe,cdelaharpe6j@japanpost.jp,10
662,2,Barstowk,lbarstowk6k@walmart.com,3
595,10,Brinkler,dbrinkler6l@privacy.gov.au,8
74,9,Moles,nmoles6m@flickr.com,2
990,1,Bartholomieu,sbartholomieu6n@foxnews.com,2
305,10,Oddey,poddey6o@nsw.gov.au,2
338,3,Naisby,snaisby6p@deviantart.com,5
335,7,Extall,vextall6q@mashable.com,7
220,4,Bigrigg,gbigrigg6r@wired.com,3
151,3,Searby,asearby6s@networksolutions.com,10
44,2,Wands,bwands6t@4shared.com,5
399,4,Woodthorpe,awoodthorpe6u@joomla.org,8
705,10,Ebdon,kebdon6v@microsoft.com,8
311,7,Hatherall,jhatherall6w@hugedomains.com,4
431,9,Mateja,kmateja6x@friendfeed.com,8
774,7,Van Ross,cvanross6y@earthlink.net,8
426,6,Loughlin,dloughlin6z@ted.com,1
444,2,Lapthorne,alapthorne70@fema.gov,4
197,4,Helversen,lhelversen71@omniture.com,6
56,2,Huitson,ohuitson72@macromedia.com,1
920,8,Yair,ayair73@dagondesign.com,2
137,5,oldey,aoldey74@hud.gov,9
804,7,Barrington,nbarrington75@miibeian.gov.cn,10
603,4,Gow,dgow76@blogger.com,5
772,10,Muncer,smuncer77@ustream.tv,4
743,3,Vanyard,cvanyard78@japanpost.jp,4
437,8,Shew,rshew79@nyu.edu,3
521,3,Hutcheon,rhutcheon7a@un.org,7
541,6,Saffon,msaffon7b@loc.gov,4
70,1,Tankard,jtankard7c@nationalgeographic.com,7
525,10,Lody,dlody7d@zdnet.com,2
288,6,Blumfield,gblumfield7e@github.io,5
97,8,Petr,cpetr7f@51.la,6
806,9,Grinishin,pgrinishin7g@amazon.co.jp,1
328,9,Biswell,wbiswell7h@discuz.net,10
706,5,Beaven,kbeaven7i@biblegateway.com,6
787,3,Reis,jreis7j@photobucket.com,4
671,2,Cayzer,dcayzer7k@github.io,10
315,1,Ferrotti,mferrotti7l@people.com.cn,3
244,5,Hehnke,ohehnke7m@jimdo.com,2
491,9,Caslin,bcaslin7n@163.com,2
679,6,Lippingwell,olippingwell7o@mozilla.org,10
524,9,Dutteridge,edutteridge7p@apple.com,9
488,2,McWilliams,fmcwilliams7q@squidoo.com,5
281,10,Garstang,sgarstang7r@washingtonpost.com,2
246,8,Rabjohn,orabjohn7s@lycos.com,9
982,6,Denington,cdenington7t@squarespace.com,9
390,3,Richarson,sricharson7u@dedecms.com,5
889,6,Coarser,lcoarser7v@huffingtonpost.com,10
755,6,Smallsman,fsmallsman7w@sohu.com,6
553,9,Flann,tflann7x@unblog.fr,8
545,5,Szymanowski,cszymanowski7y@ucoz.com,1
294,4,Potbury,gpotbury7z@youtu.be,8
768,3,Witsey,awitsey80@webs.com,6
864,2,Kamall,hkamall81@google.ca,8
1000,2,Gerrans,lgerrans82@wp.com,8
651,3,Barrick,tbarrick83@diigo.com,1
572,7,Niles,fniles84@google.com.au,8
644,6,Whitwood,cwhitwood85@wikia.com,9
283,7,Petto,apetto86@amazon.co.jp,9
21,3,Baynard,lbaynard87@wiley.com,4
70,9,Fenelon,tfenelon88@homestead.com,6
382,9,Stilldale,astilldale89@ustream.tv,1
409,6,Wickey,wwickey8a@trellian.com,8
130,4,Yakunin,pyakunin8b@moonfruit.com,10
870,4,Parfett,jparfett8c@blogs.com,8
2,4,O' Mulderrig,homulderrig8d@twitter.com,10
363,4,Turville,eturville8e@networksolutions.com,2
16,7,Sainsberry,gsainsberry8f@addtoany.com,6
427,5,Barlthrop,cbarlthrop8g@photobucket.com,1
748,5,Edmans,cedmans8h@macromedia.com,10
552,4,Borrowman,kborrowman8i@histats.com,7
773,4,Trassler,btrassler8j@ovh.net,6
672,8,Gleaves,ogleaves8k@cbslocal.com,4
163,6,Adamov,wadamov8l@toplist.cz,10
769,2,Meah,rmeah8m@nifty.com,2
219,5,Ruter,gruter8n@networksolutions.com,2
165,9,Breed,ibreed8o@google.de,10
693,5,Pottell,npottell8p@slashdot.org,6
781,1,Ruggles,kruggles8q@cbsnews.com,3
358,8,Krochmann,nkrochmann8r@upenn.edu,1
421,10,Gierke,agierke8s@foxnews.com,7
533,8,Vondrys,tvondrys8t@globo.com,5
368,1,Borman,wborman8u@altervista.org,2
830,5,Barthorpe,hbarthorpe8v@posterous.com,2
713,7,Veck,rveck8w@google.co.jp,7
640,9,Duffer,sduffer8x@e-recht24.de,4
581,3,Cavendish,dcavendish8y@t.co,3
323,8,Stebbins,gstebbins8z@upenn.edu,5
957,2,Posner,bposner90@cbsnews.com,5
270,7,Felgat,wfelgat91@w3.org,7
278,5,Pallin,spallin92@cyberchimps.com,7
175,8,Cunnow,ucunnow93@economist.com,6
39,10,O'dell,codell94@typepad.com,4
419,8,Pizey,qpizey95@squarespace.com,4
431,8,Pizey,bpizey96@wisc.edu,7
698,5,Martynikhin,bmartynikhin97@rediff.com,1
408,7,Maleham,emaleham98@bloglovin.com,1
890,4,Roskam,lroskam99@gov.uk,6
30,2,Francklin,bfrancklin9a@chronoengine.com,1
504,10,Beardmore,cbeardmore9b@nydailynews.com,4
427,1,Derges,tderges9c@hugedomains.com,1
763,5,Jacquemy,ojacquemy9d@so-net.ne.jp,10
926,1,Smart,ssmart9e@delicious.com,2
659,9,Colquyte,hcolquyte9f@whitehouse.gov,6
515,8,Aidler,daidler9g@mit.edu,1
928,4,Seger,kseger9h@flickr.com,7
395,8,Neeve,aneeve9i@rambler.ru,7
414,9,McCord,mmccord9j@eventbrite.com,10
978,6,Esch,sesch9k@alibaba.com,10
109,2,Tregust,ltregust9l@github.io,1
334,9,Bridgwood,mbridgwood9m@bigcartel.com,1
648,1,Benbough,pbenbough9n@wunderground.com,5
233,3,Laverack,plaverack9o@mapquest.com,8
572,8,Helversen,ahelversen9p@yandex.ru,9
634,6,Sells,msells9q@over-blog.com,1
654,9,Petit,apetit9r@bloglines.com,7
569,8,Draisey,mdraisey9s@sciencedirect.com,6
711,5,Echalie,cechalie9t@miitbeian.gov.cn,2
73,9,Careless,hcareless9u@scientificamerican.com,5
926,9,Patterfield,fpatterfield9v@washingtonpost.com,7
354,2,Toten,mtoten9w@w3.org,9
549,2,Mollnar,pmollnar9x@wired.com,5
375,3,Baggallay,obaggallay9y@fema.gov,7
820,5,Cockshott,lcockshott9z@wsj.com,5
391,3,Spurway,bspurwaya0@wsj.com,4
712,1,Doucette,gdoucettea1@issuu.com,1
727,1,Quesne,jquesnea2@china.com.cn,5
481,8,Wykey,jwykeya3@last.fm,4
761,4,Scotchmore,bscotchmorea4@cmu.edu,6
531,9,Dressel,mdressela5@thetimes.co.uk,4
434,5,O'Lochan,polochana6@google.com.br,2
571,10,Obert,coberta7@redcross.org,7
159,1,Reap,oreapa8@reverbnation.com,6
661,1,Carabet,ccarabeta9@bravesites.com,3
145,1,Clarae,sclaraeaa@chronoengine.com,8
934,8,Goublier,cgoublierab@webs.com,9
123,2,Patriche,mpatricheac@multiply.com,9
550,8,Hucknall,rhucknallad@prnewswire.com,4
659,3,Larvent,ilarventae@google.it,10
650,4,Rosenberg,hrosenbergaf@boston.com,10
753,1,Pirelli,jpirelliag@alibaba.com,9
221,1,Jaslem,wjaslemah@spotify.com,3
574,1,Morson,dmorsonai@miibeian.gov.cn,6
524,8,Burdess,cburdessaj@dyndns.org,2
832,4,Larchier,nlarchierak@indiatimes.com,7
215,9,Shenton,eshentonal@nsw.gov.au,2
895,6,Decent,edecentam@ucoz.com,8
216,3,Djorevic,kdjorevican@google.ca,4
307,9,Telling,otellingao@flavors.me,3
918,4,Benezet,jbenezetap@uiuc.edu,10
405,1,Cohr,fcohraq@auda.org.au,4
358,5,Tiron,ltironar@cnbc.com,7
116,7,Silk,dsilkas@storify.com,8
880,7,Robecon,drobeconat@macromedia.com,6
959,2,Tallent,ttallentau@purevolume.com,4
816,1,Burnham,cburnhamav@rakuten.co.jp,8
45,1,Elfitt,relfittaw@wordpress.org,6
19,7,McDavid,hmcdavidax@squarespace.com,10
438,2,Voase,rvoaseay@nih.gov,6
151,3,Parcall,sparcallaz@paypal.com,10
778,7,Risdale,erisdaleb0@patch.com,2
55,7,Turpie,rturpieb1@dropbox.com,1
509,6,Cozzi,bcozzib2@state.tx.us,2
295,9,Whordley,iwhordleyb3@woothemes.com,10
205,8,Cissell,ccissellb4@icio.us,10
649,1,Valentine,tvalentineb5@washingtonpost.com,5
84,1,Lissaman,klissamanb6@ox.ac.uk,4
24,7,Corain,dcorainb7@mashable.com,2
284,6,Beacroft,dbeacroftb8@stumbleupon.com,4
261,9,Kaye,ekayeb9@usda.gov,9
108,2,Shera,fsheraba@cmu.edu,10
911,6,Tappor,atapporbb@studiopress.com,3
946,10,Purches,cpurchesbc@tamu.edu,9
401,3,Olland,dollandbd@jigsy.com,4
605,1,Hucks,jhucksbe@unc.edu,10
141,8,Gleeton,zgleetonbf@oakley.com,4
92,4,Southern,gsouthernbg@list-manage.com,7
804,4,Klementz,iklementzbh@google.com,7
165,5,Hordle,thordlebi@bloglines.com,8
103,3,Girodon,sgirodonbj@amazon.de,9
854,5,Carnow,ycarnowbk@auda.org.au,3
652,5,Pendre,dpendrebl@wunderground.com,9
431,2,McConway,amcconwaybm@yandex.ru,10
637,10,Lidgley,klidgleybn@shinystat.com,5
539,8,Haldane,ahaldanebo@last.fm,4
65,1,Bunton,kbuntonbp@theguardian.com,6
742,3,Bramall,jbramallbq@bizjournals.com,8
222,9,Lethbridge,jlethbridgebr@bravesites.com,5
565,3,McArte,emcartebs@dmoz.org,7
626,4,Ellicock,cellicockbt@ning.com,3
240,4,Chisnell,fchisnellbu@reference.com,2
925,5,Ambrodi,fambrodibv@wikia.com,1
994,2,Worsnip,mworsnipbw@sourceforge.net,5
849,3,McBrier,cmcbrierbx@ebay.co.uk,4
363,1,Swannack,lswannackby@answers.com,4
726,10,Gaytor,agaytorbz@histats.com,10
766,6,Jarley,njarleyc0@gov.uk,9
898,10,Schellig,lschelligc1@xinhuanet.com,6
897,9,Lebel,clebelc2@t.co,6
603,1,Purse,dpursec3@xinhuanet.com,9
437,2,Ensor,fensorc4@yellowpages.com,5
375,10,Cymper,ncymperc5@guardian.co.uk,7
967,2,Kettlesting,skettlestingc6@whitehouse.gov,9
807,8,Lowdiane,tlowdianec7@biblegateway.com,2
267,2,Gambrell,bgambrellc8@house.gov,10
239,9,Bazell,bbazellc9@hp.com,8
918,9,Albery,galberyca@youtube.com,6
300,10,Frise,tfrisecb@tuttocitta.it,1
408,3,Ramelot,dramelotcc@mysql.com,7
17,6,Auty,dautycd@loc.gov,3
98,3,Ricardou,aricardouce@accuweather.com,1
118,3,Devaney,zdevaneycf@arstechnica.com,7
898,3,Zorn,czorncg@tumblr.com,8
772,3,Goodrick,tgoodrickch@nature.com,9
721,8,Gidney,agidneyci@tiny.cc,4
453,6,Izkovitch,sizkovitchcj@statcounter.com,2
48,10,Drache,bdracheck@patch.com,9
191,1,Egalton,gegaltoncl@unc.edu,5
816,7,Stammirs,jstammirscm@technorati.com,10
34,1,Rizzi,wrizzicn@nhs.uk,5
322,8,Devonport,vdevonportco@so-net.ne.jp,10
557,10,Augustin,caugustincp@guardian.co.uk,7
392,8,Fritchly,rfritchlycq@delicious.com,4
536,9,Jedrzejczyk,rjedrzejczykcr@berkeley.edu,10
602,4,Piecha,rpiechacs@purevolume.com,1
211,8,Surmeir,hsurmeirct@xinhuanet.com,6
595,10,Klink,pklinkcu@taobao.com,4
398,5,Annatt,jannattcv@google.pl,10
238,2,Livezey,ylivezeycw@rediff.com,6
703,8,Nerheny,lnerhenycx@flickr.com,1
990,6,Gofforth,ggofforthcy@weather.com,5
824,8,Beazley,gbeazleycz@tinyurl.com,2
25,9,Jovovic,rjovovicd0@usda.gov,1
797,7,Syms,vsymsd1@biblegateway.com,9
981,5,Meecher,bmeecherd2@google.cn,7
254,10,Davidai,wdavidaid3@diigo.com,4
363,7,Towers,ctowersd4@house.gov,9
653,5,Demko,sdemkod5@posterous.com,3
572,4,Mabbitt,rmabbittd6@vinaora.com,4
842,2,Hodgon,khodgond7@google.it,4
800,1,Minigo,jminigod8@nba.com,2
765,1,Possel,mposseld9@indiatimes.com,5
255,2,Curbishley,bcurbishleyda@prnewswire.com,5
9,1,Lally,llallydb@techcrunch.com,6
581,10,Penni,apennidc@last.fm,7
784,6,MacGiffin,rmacgiffindd@alibaba.com,9
898,2,Machin,gmachinde@disqus.com,5
731,4,Baston,tbastondf@topsy.com,5
204,1,Paintain,bpaintaindg@bbb.org,10
484,2,Lorentzen,alorentzendh@google.co.uk,4
791,10,Errichi,cerrichidi@nsw.gov.au,4
330,5,Reinhart,sreinhartdj@youtu.be,2
681,10,Serrurier,mserrurierdk@vkontakte.ru,1
160,4,Whitbread,gwhitbreaddl@examiner.com,2
84,1,Sagg,lsaggdm@google.co.jp,2
550,9,Pagon,dpagondn@posterous.com,2
380,6,Damrel,ddamreldo@mozilla.com,6
238,6,Kowalik,ckowalikdp@angelfire.com,5
981,7,Eves,kevesdq@si.edu,9
830,3,Navarijo,snavarijodr@soup.io,7
36,4,Mort,fmortds@google.ca,1
64,5,Tomasik,atomasikdt@cnbc.com,2
934,5,MacLise,hmaclisedu@aboutads.info,8
814,7,Ensley,hensleydv@statcounter.com,10
438,5,Sauniere,asaunieredw@forbes.com,2
708,3,McKain,jmckaindx@instagram.com,3
60,1,Dils,zdilsdy@com.com,9
487,5,Dureden,cduredendz@about.com,1
586,4,Hegge,sheggee0@elpais.com,7
777,7,Rotherham,mrotherhame1@sakura.ne.jp,7
316,9,Ready,lreadye2@opensource.org,5
501,3,Eadmeads,jeadmeadse3@cam.ac.uk,8
94,4,Dines,rdinese4@prweb.com,7
976,4,Grealey,ogrealeye5@nytimes.com,2
763,3,Jimes,jjimese6@tinyurl.com,1
407,5,Sabates,jsabatese7@gizmodo.com,6
405,2,Esche,seschee8@noaa.gov,10
476,6,Witcomb,owitcombe9@buzzfeed.com,9
110,4,Dixson,bdixsonea@narod.ru,8
886,2,Labro,rlabroeb@harvard.edu,9
244,10,Antyshev,mantyshevec@webmd.com,6
756,7,Gland,dglanded@mysql.com,8
657,7,Mitchener,nmitcheneree@indiatimes.com,3
346,6,Gillease,egilleaseef@goo.ne.jp,4
279,4,Ridgley,hridgleyeg@scientificamerican.com,2
972,8,Camous,jcamouseh@bluehost.com,10
394,6,Skaife d'Ingerthorpe,pskaifedingerthorpeei@odnoklassniki.ru,4
909,5,Ketcher,cketcherej@posterous.com,6
418,3,Pressman,rpressmanek@ning.com,9
362,1,Wilfing,awilfingel@cmu.edu,1
632,10,Twitchings,btwitchingsem@tmall.com,9
486,2,Pagden,qpagdenen@cafepress.com,8
55,9,Robey,mrobeyeo@zdnet.com,2
231,10,Kalaher,dkalaherep@pcworld.com,5
257,5,Goodram,mgoodrameq@simplemachines.org,7
956,4,Georghiou,lgeorghiouer@hao123.com,10
836,2,Hartles,nhartleses@sakura.ne.jp,3
908,10,Leitch,gleitchet@cocolog-nifty.com,8
498,8,Gatcliff,ogatcliffeu@blogger.com,9
192,7,Chilles,echillesev@baidu.com,3
919,4,Celli,ncelliew@hubpages.com,1
659,2,Gladebeck,agladebeckex@acquirethisname.com,7
582,2,Keene,skeeneey@macromedia.com,5
93,9,Alekseicik,halekseicikez@cbslocal.com,2
654,2,Balsellie,fbalsellief0@bbc.co.uk,3
797,6,McGeorge,dmcgeorgef1@bizjournals.com,8
430,3,Tilbury,ctilburyf2@craigslist.org,10
629,4,Wadge,uwadgef3@dagondesign.com,9
373,8,Shortcliffe,gshortcliffef4@rakuten.co.jp,6
87,9,Ledur,bledurf5@blinklist.com,4
427,3,Jecock,jjecockf6@hc360.com,8
990,2,Spray,vsprayf7@imageshack.us,4
389,3,Mewton,mmewtonf8@altervista.org,9
699,7,Pitford,lpitfordf9@yale.edu,10
726,8,Pammenter,gpammenterfa@vkontakte.ru,3
256,5,Surgood,ksurgoodfb@nih.gov,6
477,1,Elton,teltonfc@163.com,8
332,5,Hammel,mhammelfd@typepad.com,7
725,2,Bradnick,dbradnickfe@photobucket.com,1
214,10,Weldrake,tweldrakeff@rambler.ru,6
521,6,Langrick,hlangrickfg@freewebs.com,3
830,7,Molineaux,cmolineauxfh@bloglines.com,8
279,8,Sherington,dsheringtonfi@marriott.com,4
522,3,Danjoie,rdanjoiefj@stumbleupon.com,8
123,10,Bluck,pbluckfk@ebay.com,10
218,4,Cultcheth,ecultchethfl@ucsd.edu,7
759,9,Chattelaine,kchattelainefm@flickr.com,1
19,7,Lente,mlentefn@skyrock.com,10
232,3,Escritt,gescrittfo@ameblo.jp,5
18,10,Delgardillo,gdelgardillofp@digg.com,10
827,2,Yourell,cyourellfq@economist.com,2
313,3,Bucknell,cbucknellfr@booking.com,3
746,8,Kuzma,skuzmafs@alibaba.com,1
903,2,Busek,bbusekft@time.com,3
628,10,Jervis,mjervisfu@intel.com,2
898,4,Naerup,gnaerupfv@gnu.org,2
423,9,Wenger,awengerfw@msn.com,9
934,1,Ovington,rovingtonfx@google.it,5
747,6,Loadman,lloadmanfy@reference.com,3
206,1,Eccleshare,becclesharefz@meetup.com,2
633,7,Grombridge,wgrombridgeg0@nymag.com,4
56,8,Melton,mmeltong1@soundcloud.com,3
80,3,Matley,mmatleyg2@goo.ne.jp,1
706,6,Beveredge,abeveredgeg3@alexa.com,2
898,1,Gledstane,fgledstaneg4@usatoday.com,8
768,9,Le Barre,nlebarreg5@scientificamerican.com,1
820,9,Spellward,wspellwardg6@mysql.com,4
1000,8,Mutlow,rmutlowg7@scribd.com,9
752,8,Killingbeck,ckillingbeckg8@google.fr,5
324,4,Petasch,mpetaschg9@japanpost.jp,6
618,2,Hutson,chutsonga@globo.com,1
503,4,Mulliner,nmullinergb@marketwatch.com,10
372,2,Pedlingham,apedlinghamgc@bravesites.com,8
234,2,Brampton,ebramptongd@npr.org,1
667,4,Heskins,rheskinsge@dyndns.org,9
491,1,Holstein,eholsteingf@symantec.com,3
316,8,Cammell,dcammellgg@washington.edu,2
374,3,Joss,tjossgh@yahoo.co.jp,4
66,1,Whife,bwhifegi@mapy.cz,2
767,3,Solway,asolwaygj@cnn.com,5
407,10,Gowen,rgowengk@flavors.me,4
516,10,O'Spillane,dospillanegl@cmu.edu,10
146,4,Danson,tdansongm@opera.com,5
326,4,Munnery,gmunnerygn@cafepress.com,1
931,1,Heale,lhealego@msn.com,9
972,4,Balcombe,gbalcombegp@usatoday.com,4
7,2,Lalley,clalleygq@etsy.com,9
663,5,O'Looney,kolooneygr@loc.gov,5
754,10,Ivasyushkin,eivasyushkings@princeton.edu,6
449,5,Sheber,rshebergt@spiegel.de,9
578,6,Hentze,ghentzegu@netlog.com,6
812,5,McAless,imcalessgv@wikipedia.org,4
373,6,Billam,tbillamgw@wufoo.com,10
778,5,Darnell,mdarnellgx@amazon.com,1
705,9,Jaan,gjaangy@nydailynews.com,2
379,2,Shepheard,mshepheardgz@earthlink.net,7
465,1,Quan,aquanh0@statcounter.com,4
151,1,Chastang,hchastangh1@networkadvertising.org,2
655,2,Kornyshev,pkornyshevh2@123-reg.co.uk,1
1,10,Piggott,gpiggotth3@plala.or.jp,5
982,1,Gymblett,dgymbletth4@narod.ru,5
699,3,Le Noire,jlenoireh5@nationalgeographic.com,8
463,4,Codi,ecodih6@japanpost.jp,1
264,4,Ropkes,wropkesh7@twitter.com,2
736,8,Jee,pjeeh8@aol.com,8
459,7,Francis,kfrancish9@chicagotribune.com,5
638,8,Dunlap,ldunlapha@google.ca,3
992,9,Reedy,jreedyhb@youtu.be,6
431,3,Clother,gclotherhc@about.com,7
808,7,Jane,djanehd@cyberchimps.com,7
696,7,Cotterell,ecotterellhe@hud.gov,5
29,9,Plott,tplotthf@amazon.com,8
548,5,Whitehorn,jwhitehornhg@biglobe.ne.jp,9
769,8,Bestar,cbestarhh@businesswire.com,7
87,10,Olsson,molssonhi@dailymotion.com,10
590,10,Lighten,mlightenhj@live.com,10
91,9,Indge,windgehk@who.int,2
746,8,Dargavel,ldargavelhl@wikispaces.com,3
573,3,Judson,ljudsonhm@free.fr,9
827,2,Baxster,gbaxsterhn@cbsnews.com,3
717,9,Duthie,eduthieho@cornell.edu,9
675,9,Zupone,ezuponehp@smh.com.au,6
186,9,Crocket,ncrockethq@cdc.gov,7
549,1,Covil,wcovilhr@redcross.org,5
693,5,Goodlud,cgoodludhs@hud.gov,1
31,9,Dockrey,cdockreyht@psu.edu,3
298,4,Fricke,cfrickehu@geocities.jp,7
448,4,Klulicek,aklulicekhv@go.com,8
451,8,Templeman,ktemplemanhw@msn.com,2
980,3,Iacobacci,liacobaccihx@jalbum.net,9
832,1,Gerrelts,dgerreltshy@statcounter.com,4
221,6,Pohling,vpohlinghz@independent.co.uk,2
177,10,Crackett,tcracketti0@netlog.com,6
886,10,Bryer,mbryeri1@tamu.edu,2
600,9,Shea,lsheai2@google.co.uk,2
804,2,Scrancher,jscrancheri3@goo.ne.jp,3
578,2,Blinkhorn,yblinkhorni4@miitbeian.gov.cn,7
639,10,Wordesworth,cwordesworthi5@epa.gov,7
345,6,Funnell,tfunnelli6@hibu.com,2
437,10,Kernermann,ckernermanni7@msn.com,9
154,2,Loving,tlovingi8@angelfire.com,2
846,5,Jira,cjirai9@godaddy.com,8
646,3,Gogan,hgogania@yellowbook.com,5
522,6,Cline,jclineib@google.cn,10
673,7,Golden of Ireland,cgoldenofirelandic@qq.com,6
689,8,Kimbrough,ckimbroughid@ycombinator.com,7
346,3,Matthaus,mmatthausie@google.com.au,1
748,9,Wegener,jwegenerif@meetup.com,2
798,9,Birdsall,hbirdsallig@yellowbook.com,10
136,5,Castellone,bcastelloneih@wordpress.org,10
27,6,Gristhwaite,tgristhwaiteii@europa.eu,1
629,9,Nemchinov,bnemchinovij@adobe.com,10
744,3,Woodcroft,gwoodcroftik@123-reg.co.uk,5
443,4,Fetherston,tfetherstonil@gov.uk,6
493,10,Wrangle,lwrangleim@wsj.com,4
392,6,Caccavella,lcaccavellain@youtu.be,3
731,6,Burree,mburreeio@patch.com,1
851,1,Stack,nstackip@nba.com,4
829,4,Lankham,rlankhamiq@diigo.com,4
647,2,Echelle,cechelleir@hao123.com,3
760,2,Perulli,nperulliis@photobucket.com,7
782,4,Farherty,mfarhertyit@tamu.edu,3
363,8,Sargood,asargoodiu@harvard.edu,7
647,8,Whittenbury,hwhittenburyiv@yahoo.com,5
392,3,Ingre,mingreiw@addthis.com,1
89,2,Doorly,tdoorlyix@bloomberg.com,1
177,6,Cortese,mcorteseiy@mapy.cz,8
656,2,Bullon,jbulloniz@cyberchimps.com,4
72,4,Abrashkov,aabrashkovj0@google.co.jp,1
408,2,Bullene,nbullenej1@samsung.com,3
274,5,Makiver,emakiverj2@stumbleupon.com,9
426,9,Hellyar,thellyarj3@ifeng.com,8
962,10,Antrim,cantrimj4@forbes.com,10
926,9,Bachellier,gbachellierj5@apache.org,8
440,2,Onn,connj6@is.gd,1
33,4,Schachter,mschachterj7@bandcamp.com,9
188,5,Docharty,adochartyj8@webs.com,1
44,4,Elks,selksj9@uiuc.edu,2
934,4,Bagenal,nbagenalja@ox.ac.uk,10
36,9,Kennally,jkennallyjb@a8.net,6
112,8,O'Heaney,goheaneyjc@tiny.cc,7
760,5,Najera,mnajerajd@g.co,5
21,6,Sellens,asellensje@rakuten.co.jp,8
731,3,Grestye,hgrestyejf@soup.io,8
311,7,Laddle,hladdlejg@webeden.co.uk,6
633,2,Treneman,btrenemanjh@ftc.gov,9
298,9,Limbert,flimbertji@pinterest.com,4
607,9,Audley,paudleyjj@diigo.com,10
420,3,Brighouse,hbrighousejk@dmoz.org,5
851,10,Titlow,htitlowjl@samsung.com,10
935,3,Musla,bmuslajm@about.com,2
249,6,Hammond,ehammondjn@ft.com,10
531,9,Rasch,araschjo@omniture.com,5
705,7,Blueman,mbluemanjp@sitemeter.com,5
400,8,Heilds,sheildsjq@livejournal.com,1
238,10,Darragh,udarraghjr@scientificamerican.com,7
654,3,Tarbett,rtarbettjs@geocities.jp,4
186,10,Gillani,fgillanijt@alexa.com,3
817,4,Codlin,fcodlinju@flavors.me,7
4,5,Wagner,dwagnerjv@simplemachines.org,8
117,9,Kidds,pkiddsjw@gnu.org,6
283,1,Lockhurst,blockhurstjx@arstechnica.com,9
57,3,Leband,rlebandjy@bing.com,7
100,1,Pellman,epellmanjz@vinaora.com,7
256,1,Yerrell,wyerrellk0@va.gov,7
818,9,Van Saltsberg,cvansaltsbergk1@delicious.com,1
286,2,Spraggon,lspraggonk2@wordpress.org,10
401,1,Ruttgers,bruttgersk3@admin.ch,10
224,5,Wayon,bwayonk4@buzzfeed.com,1
708,3,Quogan,dquogank5@adobe.com,9
136,4,Schiersch,sschierschk6@google.com.au,10
866,1,Scarsbrick,tscarsbrickk7@ebay.co.uk,1
648,4,Ramble,eramblek8@shareasale.com,5
984,5,Zavattari,dzavattarik9@adobe.com,2
426,9,Dubery,eduberyka@wordpress.com,6
285,5,Giorgioni,cgiorgionikb@1und1.de,3
994,3,Keyser,lkeyserkc@simplemachines.org,8
975,3,Morfey,tmorfeykd@de.vu,8
610,9,Cabral,pcabralke@zdnet.com,3
368,5,Venners,nvennerskf@xrea.com,7
279,2,Forker,cforkerkg@princeton.edu,2
424,7,Toretta,ctorettakh@nytimes.com,4
578,10,Havock,ehavockki@un.org,8
237,3,Lumsdall,nlumsdallkj@geocities.jp,1
388,7,Newe,mnewekk@gmpg.org,7
784,4,Jaquin,sjaquinkl@sphinn.com,2
857,6,Sherwood,dsherwoodkm@a8.net,3
100,8,McKimm,smckimmkn@ucoz.ru,4
144,7,Toplis,ctoplisko@drupal.org,9
121,3,Cartan,rcartankp@networkadvertising.org,2
898,5,Scud,ascudkq@merriam-webster.com,8
338,8,Drinnan,ddrinnankr@163.com,10
325,3,Awdry,bawdryks@pbs.org,1
766,5,Gillean,dgilleankt@woothemes.com,5
383,4,Ghilks,cghilksku@hhs.gov,9
865,3,Dimmer,kdimmerkv@opensource.org,6
375,7,Mercer,omercerkw@whitehouse.gov,10
245,1,Kilkenny,skilkennykx@vk.com,3
811,2,Wakeham,rwakehamky@toplist.cz,5
558,2,Fer,lferkz@arizona.edu,8
385,3,Veltmann,rveltmannl0@ocn.ne.jp,7
267,7,Spawell,jspawelll1@privacy.gov.au,10
424,6,Ruthen,lruthenl2@mashable.com,5
275,4,Hardi,jhardil3@seesaa.net,9
489,3,Simonaitis,csimonaitisl4@woothemes.com,2
951,6,Rediers,rrediersl5@apache.org,10
50,9,Thal,mthall6@hao123.com,1
190,1,Edlyn,pedlynl7@prnewswire.com,7
464,1,Gillan,jgillanl8@tinypic.com,10
476,4,Fairest,nfairestl9@cornell.edu,8
118,7,Jursch,gjurschla@reference.com,6
906,4,Harmston,kharmstonlb@soundcloud.com,1
764,2,Greenier,ggreenierlc@ask.com,7
798,6,von Nassau,jvonnassauld@ustream.tv,10
180,2,Possel,sposselle@miitbeian.gov.cn,4
205,10,Caney,ecaneylf@usnews.com,6
361,6,Goudy,dgoudylg@goodreads.com,10
289,3,Tume,mtumelh@telegraph.co.uk,1
28,8,Witsey,uwitseyli@instagram.com,5
448,4,McNalley,bmcnalleylj@i2i.jp,3
922,5,Helliwell,mhelliwelllk@toplist.cz,4
527,3,Josephi,ljosephill@nhs.uk,1
348,5,Askie,laskielm@youku.com,9
50,1,Bienvenu,mbienvenuln@qq.com,10
543,2,Clampton,pclamptonlo@nationalgeographic.com,3
352,10,Faustin,jfaustinlp@nhs.uk,8
726,4,Audsley,daudsleylq@thetimes.co.uk,8
418,5,Fullman,jfullmanlr@comcast.net,9
164,6,Stit,fstitls@wufoo.com,1
415,4,Dobbie,sdobbielt@ucoz.com,8
73,6,Ranfield,aranfieldlu@sakura.ne.jp,4
535,5,Stebbing,lstebbinglv@nyu.edu,6
734,5,Duggen,rduggenlw@issuu.com,2
813,7,Haines,ghaineslx@ameblo.jp,3
417,3,Tidman,rtidmanly@meetup.com,2
309,6,Pischoff,spischofflz@wikipedia.org,8
340,2,Braidon,mbraidonm0@nyu.edu,7
31,7,Ashford,fashfordm1@bloomberg.com,5
341,3,Lough,ploughm2@walmart.com,9
931,10,Tween,ctweenm3@ucla.edu,9
43,2,Larner,tlarnerm4@hexun.com,10
557,10,Chappel,mchappelm5@unblog.fr,6
357,3,Brou,bbroum6@deviantart.com,10
604,6,Trowel,mtrowelm7@rambler.ru,10
345,10,Standring,cstandringm8@cnbc.com,7
478,8,Maltster,cmaltsterm9@comcast.net,5
452,10,Lanon,clanonma@chicagotribune.com,6
376,5,Roads,rroadsmb@friendfeed.com,1
50,3,Chirm,ichirmmc@google.com.au,4
35,1,Durston,cdurstonmd@addtoany.com,6
525,4,Linkie,wlinkieme@typepad.com,4
498,5,Petteford,kpettefordmf@abc.net.au,10
36,6,Deeks,ideeksmg@ifeng.com,7
600,1,Starkings,estarkingsmh@php.net,7
24,5,Gawen,ngawenmi@earthlink.net,1
728,3,Haselwood,bhaselwoodmj@cafepress.com,8
701,4,Richmond,grichmondmk@yale.edu,4
846,9,Sambrook,jsambrookml@cbc.ca,8
594,4,Lehenmann,mlehenmannmm@ebay.co.uk,4
352,1,McClifferty,zmccliffertymn@wired.com,8
18,6,Simmins,jsimminsmo@psu.edu,3
699,9,Bodill,rbodillmp@myspace.com,3
793,10,Blethin,mblethinmq@admin.ch,3
781,6,Granger,mgrangermr@nbcnews.com,9
687,10,Bengoechea,dbengoecheams@jiathis.com,4
493,4,Tallyn,ltallynmt@vk.com,1
927,1,Lyptrade,mlyptrademu@wikimedia.org,6
335,1,Kenyam,akenyammv@discuz.net,8
952,5,Jelley,kjelleymw@addtoany.com,8
344,6,Brazil,cbrazilmx@reddit.com,2
527,8,Key,jkeymy@ftc.gov,5
725,2,Duthie,kduthiemz@cnet.com,5
449,10,Wittey,awitteyn0@sogou.com,1
690,6,Fenton,ifentonn1@hao123.com,3
825,2,Bullman,abullmann2@msu.edu,8
899,1,Biddle,abiddlen3@privacy.gov.au,8
866,10,Nortcliffe,tnortcliffen4@facebook.com,1
79,2,Duddin,eduddinn5@utexas.edu,8
656,1,Dongles,idonglesn6@theguardian.com,10
554,6,Handforth,ahandforthn7@reuters.com,5
151,5,Humbles,ahumblesn8@constantcontact.com,1
842,6,Jimenez,cjimenezn9@fema.gov,4
111,3,Pavlitschek,npavlitschekna@yellowbook.com,8
569,4,Twidale,gtwidalenb@uol.com.br,9
658,10,Pandey,gpandeync@wunderground.com,1
29,1,Atkin,tatkinnd@geocities.com,3
794,5,Castletine,scastletinene@arizona.edu,2
334,2,Pallant,gpallantnf@etsy.com,3
466,5,Ferrarese,mferrareseng@weebly.com,8
79,2,Tuma,ktumanh@wp.com,9
599,5,Corzor,scorzorni@wordpress.org,4
885,8,Auchinleck,mauchinlecknj@sphinn.com,2
670,9,Yeudall,gyeudallnk@cargocollective.com,8
747,8,Tegeller,btegellernl@behance.net,4
664,7,Houlison,qhoulisonnm@homestead.com,2
308,2,Blackmoor,ablackmoornn@discuz.net,4
9,6,Ayliffe,payliffeno@admin.ch,9
606,8,Willshee,fwillsheenp@businessinsider.com,3
846,9,O'Cannovane,jocannovanenq@sogou.com,9
972,8,Dyter,cdyternr@cyberchimps.com,4
822,4,Straker,kstrakerns@csmonitor.com,5
28,1,Thonger,nthongernt@yahoo.com,6
395,8,Danson,ddansonnu@uol.com.br,9
759,7,Sexty,ssextynv@wordpress.org,2
956,2,Eshmade,beshmadenw@arizona.edu,10
716,7,Byfford,gbyffordnx@usa.gov,9
434,7,Thumann,tthumannny@smugmug.com,5
782,5,Aitkin,baitkinnz@blogs.com,3
651,6,Rickword,hrickwordo0@weibo.com,2
585,8,Auden,maudeno1@state.tx.us,9
810,5,Coton,ecotono2@joomla.org,9
42,8,Waldren,twaldreno3@nature.com,1
120,9,Kienle,lkienleo4@usa.gov,2
345,10,MacMichael,zmacmichaelo5@booking.com,3
824,8,Lightowlers,mlightowlerso6@guardian.co.uk,8
816,8,Kauscher,jkauschero7@aboutads.info,9
383,8,Eaklee,ceakleeo8@seesaa.net,7
792,4,Noke,tnokeo9@themeforest.net,1
563,1,Tacey,rtaceyoa@rambler.ru,7
995,6,Leverett,aleverettob@amazon.co.jp,10
756,3,Straffon,bstraffonoc@purevolume.com,7
124,7,Bourbon,obourbonod@yale.edu,8
929,2,Shorthill,mshorthilloe@blinklist.com,6
633,5,Iddons,piddonsof@wordpress.org,6
922,1,Spofford,mspoffordog@go.com,2
601,5,Rhodus,drhodusoh@aboutads.info,10
259,7,Skryne,sskryneoi@cdbaby.com,9
479,8,Center,jcenteroj@alibaba.com,8
111,3,Wenderoth,ewenderothok@mysql.com,10
857,2,Inkles,einklesol@google.nl,5
659,1,Romagnosi,vromagnosiom@patch.com,4
69,7,Whitebrook,pwhitebrookon@ted.com,9
721,8,Norcliff,tnorcliffoo@google.com,9
273,6,Larive,dlariveop@altervista.org,7
179,4,Rouby,kroubyoq@xrea.com,8
38,2,Lount,llountor@cnbc.com,9
787,9,Meaders,kmeadersos@forbes.com,9
413,3,Haggarty,ehaggartyot@spotify.com,5
113,6,O'Glassane,joglassaneou@soundcloud.com,6
917,8,Paolazzi,apaolazziov@theatlantic.com,4
688,6,De Paoli,cdepaoliow@mapy.cz,9
306,10,Delbergue,cdelbergueox@photobucket.com,6
168,1,Lowsely,dlowselyoy@boston.com,10
896,8,Skirling,cskirlingoz@etsy.com,4
772,9,Sergison,asergisonp0@nyu.edu,6
68,5,Tuohy,jtuohyp1@unesco.org,10
872,3,Denyagin,sdenyaginp2@shinystat.com,10
164,6,Vogeler,rvogelerp3@blogger.com,4
429,2,Fronek,bfronekp4@redcross.org,4
837,5,Haill,khaillp5@example.com,9
118,7,Coghlan,wcoghlanp6@japanpost.jp,8
425,8,Setter,ksetterp7@tiny.cc,4
72,3,Egdale,cegdalep8@mit.edu,4
901,8,Carlucci,mcarluccip9@zdnet.com,6
908,7,Davidovic,jdavidovicpa@exblog.jp,1
382,2,Coverlyn,tcoverlynpb@loc.gov,5
910,3,Thorogood,vthorogoodpc@cnet.com,4
643,5,Davidsson,mdavidssonpd@elpais.com,3
19,3,Tawn,ltawnpe@craigslist.org,8
859,4,Kabos,rkabospf@homestead.com,9
740,5,Rodder,lrodderpg@list-manage.com,8
60,7,Rounding,mroundingph@ebay.co.uk,3
30,2,Casillas,ucasillaspi@lulu.com,5
40,6,Roumier,croumierpj@geocities.jp,6
816,8,Winn,ewinnpk@desdev.cn,5
90,8,Tallquist,ttallquistpl@facebook.com,1
86,6,Jewitt,rjewittpm@aboutads.info,2
279,1,Gulk,vgulkpn@home.pl,9
369,9,Kail,gkailpo@tinyurl.com,3
434,6,Lidyard,nlidyardpp@quantcast.com,1
727,6,Klaff,aklaffpq@posterous.com,7
778,1,Aplin,taplinpr@psu.edu,2
535,1,MacHoste,smachosteps@devhub.com,6
658,9,Paszak,rpaszakpt@economist.com,5
982,8,Shivell,cshivellpu@google.com.br,7
685,3,Guinness,rguinnesspv@nymag.com,10
337,1,Spat,vspatpw@netvibes.com,6
215,3,Revance,erevancepx@ask.com,3
259,4,Clapison,dclapisonpy@google.com,8
960,10,Stuckley,pstuckleypz@freewebs.com,1
721,7,Sly,oslyq0@state.tx.us,5
929,1,O'Murtagh,comurtaghq1@ebay.com,10
283,2,Matevushev,ymatevushevq2@fda.gov,9
59,9,Ladyman,hladymanq3@go.com,3
900,7,Waind,mwaindq4@wordpress.com,10
920,6,Candwell,kcandwellq5@soundcloud.com,10
124,5,Bolin,tbolinq6@nbcnews.com,8
272,10,Crittal,kcrittalq7@techcrunch.com,9
677,8,McLaine,xmclaineq8@springer.com,5
958,3,Moulden,cmouldenq9@accuweather.com,2
805,1,Tue,vtueqa@wufoo.com,1
879,8,Lunck,ilunckqb@pbs.org,5
465,7,Boules,bboulesqc@amazon.de,1
575,8,Tubridy,otubridyqd@businesswire.com,3
543,4,Rayman,mraymanqe@merriam-webster.com,5
39,10,Brave,sbraveqf@apple.com,10
713,6,Bourthoumieux,abourthoumieuxqg@gravatar.com,2
131,9,Kuhn,akuhnqh@loc.gov,9
346,1,Rouchy,arouchyqi@virginia.edu,10
65,5,Enderby,henderbyqj@ustream.tv,9
294,7,Jerdan,sjerdanqk@gov.uk,8
548,7,Libbe,dlibbeql@upenn.edu,9
865,1,Tomkowicz,ctomkowiczqm@ed.gov,1
574,8,Glyde,fglydeqn@wp.com,3
309,5,Sanpher,nsanpherqo@tinyurl.com,6
577,3,Nutbeam,tnutbeamqp@weather.com,3
43,9,Dreher,kdreherqq@nytimes.com,7
166,1,Puncher,ipuncherqr@ucoz.ru,5
755,7,Yashunin,myashuninqs@phpbb.com,8
668,8,Heathfield,nheathfieldqt@tinyurl.com,4
208,9,Girardeau,lgirardeauqu@ibm.com,10
480,1,MacDearmid,amacdearmidqv@twitter.com,8
657,10,Cogar,ccogarqw@123-reg.co.uk,6
651,6,Mathews,smathewsqx@imageshack.us,2
329,6,Biggins,kbigginsqy@addtoany.com,6
372,7,Shrigley,hshrigleyqz@baidu.com,4
297,8,Blacklock,bblacklockr0@ebay.com,1
832,1,Sasser,csasserr1@harvard.edu,5
593,1,Binks,kbinksr2@multiply.com,7
576,1,Mc Curlye,fmccurlyer3@wikia.com,1
933,10,Kreutzer,ekreutzerr4@uol.com.br,7
975,9,Jeffels,tjeffelsr5@uol.com.br,2
109,7,Greenin,agreeninr6@tripod.com,10
167,4,Reid,rreidr7@nih.gov,2
839,9,Poschel,mposchelr8@weibo.com,4
785,10,Schurig,pschurigr9@quantcast.com,7
418,5,Janus,mjanusra@qq.com,2
502,6,O'Collopy,wocollopyrb@uiuc.edu,5
717,2,Coysh,wcoyshrc@usgs.gov,8
15,5,Dytham,adythamrd@php.net,3
518,5,Glewe,aglewere@drupal.org,3
707,2,Paddle,dpaddlerf@google.com.br,5
830,2,Pietz,opietzrg@whitehouse.gov,1
880,5,Chaudhry,dchaudhryrh@sina.com.cn,8
980,10,Ganter,aganterri@intel.com,3
118,4,Huelin,rhuelinrj@trellian.com,6
444,2,Derington,wderingtonrk@tamu.edu,2
988,6,Wardhaw,bwardhawrl@fema.gov,5
583,1,Wickendon,awickendonrm@skype.com,9
274,3,Cargo,ycargorn@facebook.com,1
124,10,Messiter,jmessiterro@archive.org,8
823,7,Knott,rknottrp@networkadvertising.org,10
173,9,Boschmann,rboschmannrq@pbs.org,2
779,6,Branch,jbranchrr@123-reg.co.uk,8
